name,count,price
[M]AK47(IK) Noble Lv.50 영구제,29,"95,870"
AK47(IK) W.Ghost 영구제,5,"18,940"
AK47(IK) Limited 영구제,103,"3,431"
AK47(IK) Devil 영구제,4,"14,300"
AK47(IK) 스텐실 1일,25,64
AK47(IK) W.Ghost 3일,32,852
AK47(IK) S.Hawk 영구제,5,"12,540"
AK47(IK) 곤룡 1일,353,52
[M]AK47(IK) Noble Lv.30 영구제,2,"96,480"
AK47(IK) Star 영구제,65,"1,715"
AK47(IK) 스텐실 영구제,13,"5,300"
AK47(IK) BJ이설 7일,3,"99,130"
AK47(IK) Devil 7일,23,540
AK47(IK) Devil 3일,7,490
AK47(IK) R.Dragon 영구제,5,"14,890"
AK47(IK) 할로윈 영구제,4,"15,000"
AK47(IK) W.Ghost 7일,10,985
AK47(IK) Punch 영구제,27,"2,915"
AK47(IK) 곤룡 영구제,30,"6,574"
AK47(IK) 스터드 영구제,4,"9,400"
AK47(IK) Graphic 영구제,19,"2,377"
AK47(IK) Sun 영구제,15,"2,579"
AK47(IK) 도깨비 영구제,4,"11,000"
AK47(IK) 청마 3일,6,130
AK47(IK) 스텐실 3일,6,84
AK47(IK) S.Hawk 3일,17,835
AK47(IK) 연필 영구제,6,"15,182"
AK47(IK) R.Dragon 3일,8,921
AK47(IK) W.Ghost 30일,10,"1,555"
AK47(IK) Devil 30일,2,"1,200"
AK47(IK) 곤룡 3일,33,95
AK47(IK) 스터드 1일,6,300
AK47(IK) Hornet 영구제,3,"9,500"
AK47(IK) 스텐실 50일,27,345
AK47(IK) Sun 1일,12,210
AK47(IK) 곤룡 30일,107,316
AK47(IK) 도깨비 1일,17,170
AK47(IK) 할로윈 3일,6,690
AK47(IK) 할로윈 1일,4,590
AK47(IK) 도깨비 7일,1,147
AK47(IK) R.Dragon 7일,8,700
AK47(IK) 스텐실 7일,9,120
AK47(IK) 연필 1일,9,649
AK47(IK) S.Hawk 7일,11,899
AK47(IK) 도깨비 3일,5,550
AK47(IK) 곤룡 7일,48,125
AK47(IK) 할로윈 15일,11,745
AK47(IK) 연필 7일,3,776
AK47(IK) 연필 3일,4,555
AK47(IK) Hornet 1일,19,340
AK47(IK) 할로윈 7일,3,930
AK47(IK) Star 15일,10,178
AK47(IK) S.Hawk 1일,3,"1,180"
AK47(IK) Devil 90일,4,"2,933"
AK47(IK) 할로윈 30일,4,"1,290"
AK47(IK) 연필 30일,3,"1,190"
AK47(IK) 스텐실 15일,1,185
AK47(IK) R.Dragon 15일,3,"1,000"
AK47(IK) Hornet 7일,3,450
AK47(IK) R.Dragon 30일,4,"2,980"
AK47(IK) S.Hawk 30일,1,"1,550"
AK47(IK) 청마 영구제,1,"28,000"
AK47(IK) Graphic 200일,19,757
AK47(IK) 스텐실 30일,2,"5,000"
AK47(IK) 스터드 50일,1,"1,300"
AK47(IK) Graphic 1일,2,530
AK47(IK) Devil 100일,3,"3,990"
AK47(IK) Sun 7일,3,400
AK47(IK) 도깨비 100일,1,724
AK47(IK) 할로윈 360일,1,"5,555"
AK47(IK) Hornet 100일,7,760
AK47(IK) Star 7일,5,390
AK47(IK) 도깨비 30일,1,430
AK47(IK) Star 3일,4,350
AK47(IK) Sun 100일,2,"2,400"
AK47(IK) Punch 100일,1,"1,087"
AK47(IK) Star 100일,2,614
AK47(IK) Star 30일,3,998
AK47(IK) 할로윈 100일,1,"1,500"
AK47(IK) 스텐실 360일,1,"3,715"
